[
    {
      "_id": "1",
      "title": "Tech Conference 2025",
      "description": "A conference about the latest in technology.",
      "date": "2025-06-15",
      "location": "Bangalore, India",
      "timing": "10:00 AM - 5:00 PM",
      "seatType": "VIP",
      "alumniDetails": "John Doe (MIT 2010)",
      "showType": "Seminar",
      "contactDetails": "techconference@example.com",
      "language": "english"
    },
    {
      "_id": "2",
      "title": "Music Festival",
      "description": "Enjoy live performances by top artists.",
      "date": "2025-07-20",
      "location": "Mumbai, India",
      "timing": "6:00 PM - 11:00 PM",
      "seatType": "General Admission",
      "alumniDetails": "",
      "showType": "Concert",
      "contactDetails": "musicfest@example.com",
      "language": "english"
    },
    {
      "_id": "3",
      "title": "Cultural Dance Night",
      "description": "Experience the vibrant cultural dance performances.",
      "date": "2025-08-10",
      "location": "Chennai, India",
      "timing": "7:00 PM - 10:00 PM",
      "seatType": "General Admission",
      "alumniDetails": "",
      "showType": "Cultural",
      "contactDetails": "culturalnight@example.com",
      "language": "tamil"
    },
    {
      "_id": "4",
      "title": "Concert of the Year",
      "description": "Live performance by top musicians.",
      "date": "2025-09-05",
      "location": "Delhi, India",
      "timing": "8:00 PM - 11:00 PM",
      "seatType": "VIP",
      "alumniDetails": "",
      "showType": "Concert",
      "contactDetails": "concertoftheyear@example.com",
      "language": "tamil"
    },
    {
      "_id": "5",
      "title": "Tech Talk: AI Future",
      "description": "Discussion on the future of AI technology.",
      "date": "2025-10-12",
      "location": "Bangalore, India",
      "timing": "9:00 AM - 12:00 PM",
      "seatType": "VIP",
      "alumniDetails": "Alice Smith (Stanford 2015)",
      "showType": "Seminar",
      "contactDetails": "tech-talk@example.com",
      "language": "english"
    },
    {
      "_id": "6",
      "title": "Rock Concert 2025",
      "description": "A thrilling rock music festival with top bands.",
      "date": "2025-11-15",
      "location": "Mumbai, India",
      "timing": "6:00 PM - 10:00 PM",
      "seatType": "General Admission",
      "alumniDetails": "",
      "showType": "Concert",
      "contactDetails": "rockconcert@example.com",
      "language": "english"
    },
    {
      "_id": "7",
      "title": "Indian Classical Dance",
      "description": "A showcase of classical dance forms from India.",
      "date": "2025-12-01",
      "location": "Chennai, India",
      "timing": "5:00 PM - 8:00 PM",
      "seatType": "VIP",
      "alumniDetails": "",
      "showType": "Cultural",
      "contactDetails": "classicaldance@example.com",
      "language": "tamil"
    },
    {
      "_id": "8",
      "title": "Startup Networking Event",
      "description": "Networking event for tech entrepreneurs and investors.",
      "date": "2025-09-15",
      "location": "Bangalore, India",
      "timing": "10:00 AM - 3:00 PM",
      "seatType": "VIP",
      "alumniDetails": "Mark Lee (MIT 2012)",
      "showType": "Seminar",
      "contactDetails": "startup-networking@example.com",
      "language": "english"
    },
    {
      "_id": "9",
      "title": "Fusion Music Festival",
      "description": "A mix of global and Indian music performances.",
      "date": "2025-08-05",
      "location": "Mumbai, India",
      "timing": "7:00 PM - 11:00 PM",
      "seatType": "General Admission",
      "alumniDetails": "",
      "showType": "Concert",
      "contactDetails": "fusionmusic@example.com",
      "language": "english"
    },
    {
      "_id": "10",
      "title": "Theater Arts Night",
      "description": "A celebration of drama and theater performances.",
      "date": "2025-10-25",
      "location": "Chennai, India",
      "timing": "7:30 PM - 10:00 PM",
      "seatType": "General Admission",
      "alumniDetails": "",
      "showType": "Cultural",
      "contactDetails": "theaterarts@example.com",
      "language": "tamil"
    },
    {
      "_id": "11",
      "title": "Data Science Conference",
      "description": "A gathering of data scientists and researchers.",
      "date": "2025-07-25",
      "location": "Bangalore, India",
      "timing": "9:00 AM - 5:00 PM",
      "seatType": "VIP",
      "alumniDetails": "Anna Green (Oxford 2018)",
      "showType": "Seminar",
      "contactDetails": "datascienceconf@example.com",
      "language": "english"
    },
    {
      "_id": "12",
      "title": "Rock Music Extravaganza",
      "description": "Top rock bands playing live on stage.",
      "date": "2025-08-20",
      "location": "Delhi, India",
      "timing": "7:00 PM - 10:00 PM",
      "seatType": "VIP",
      "alumniDetails": "",
      "showType": "Concert",
      "contactDetails": "rockextravaganza@example.com",
      "language": "tamil"
    },
    {
      "_id": "13",
      "title": "Startup Pitching Event",
      "description": "Pitch your startup idea to potential investors.",
      "date": "2025-09-10",
      "location": "Bangalore, India",
      "timing": "9:00 AM - 12:00 PM",
      "seatType": "VIP",
      "alumniDetails": "",
      "showType": "Seminar",
      "contactDetails": "startuppitch@example.com",
      "language": "english"
    },
    {
      "_id": "14",
      "title": "Cultural Heritage Exhibition",
      "description": "An exhibition showcasing India's cultural heritage.",
      "date": "2025-11-01",
      "location": "Chennai, India",
      "timing": "10:00 AM - 6:00 PM",
      "seatType": "General Admission",
      "alumniDetails": "",
      "showType": "Cultural",
      "contactDetails": "heritageexhibition@example.com",
      "language": "tamil"
    },
    {
      "_id": "15",
      "title": "Global Tech Summit",
      "description": "A summit on cutting-edge technology and innovations.",
      "date": "2025-10-30",
      "location": "Bangalore, India",
      "timing": "9:00 AM - 5:00 PM",
      "seatType": "VIP",
      "alumniDetails": "Michael Johnson (Harvard 2010)",
      "showType": "Seminar",
      "contactDetails": "globaltechsummit@example.com",
      "language": "english"
    },
    {
      "_id": "16",
      "title": "International Music Fest",
      "description": "An international music festival with global artists.",
      "date": "2025-07-30",
      "location": "Mumbai, India",
      "timing": "7:00 PM - 11:00 PM",
      "seatType": "VIP",
      "alumniDetails": "",
      "showType": "Concert",
      "contactDetails": "internationalmusicfest@example.com",
      "language": "english"
    },
    {
      "_id": "17",
      "title": "Dance and Drama Showcase",
      "description": "A grand showcase of dance and drama performances.",
      "date": "2025-06-30",
      "location": "Chennai, India",
      "timing": "6:00 PM - 9:00 PM",
      "seatType": "VIP",
      "alumniDetails": "",
      "showType": "Cultural",
      "contactDetails": "danceanddrama@example.com",
      "language": "tamil"
    },
    {
      "_id": "18",
      "title": "AI in Healthcare Conference",
      "description": "Explore the future of AI in the healthcare industry.",
      "date": "2025-12-05",
      "location": "Bangalore, India",
      "timing": "9:00 AM - 5:00 PM",
      "seatType": "VIP",
      "alumniDetails": "Sophia Williams (Harvard 2017)",
      "showType": "Seminar",
      "contactDetails": "aihealthcare@example.com",
      "language": "english"
    },
    {
      "_id": "19",
      "title": "Live Rock Music Night",
      "description": "A live performance by popular rock bands.",
      "date": "2025-06-25",
      "location": "Delhi, India",
      "timing": "7:00 PM - 10:00 PM",
      "seatType": "General Admission",
      "alumniDetails": "",
      "showType": "Concert",
      "contactDetails": "liverocknight@example.com",
      "language": "tamil"
    },
    {
      "_id": "20",
      "title": "Future of Digital Marketing",
      "description": "Seminar on digital marketing trends and strategies.",
      "date": "2025-11-10",
      "location": "Bangalore, India",
      "timing": "10:00 AM - 2:00 PM",
      "seatType": "VIP",
      "alumniDetails": "David Lee (Stanford 2012)",
      "showType": "Seminar",
      "contactDetails": "digitalmarketing@example.com",
      "language": "english"
    }
  ]
  